{
    "spriteSheet": "overworld",
    "musicSheet": "overworld",
    "patternSheet": "overworld-pattern",
    "checkpoints": [
        [40, 192]
    ],

    "layers": [
        {
            "tiles": [
                {
                    "style": "sky",
                    "ranges": [
                        [0, 212, 0, 15]
                    ]
                },
                {
                    "style": "ground",
                    "behavior": "ground",
                    "ranges": [
                        [0, 69, 13, 2],
                        [71, 15, 13, 2],
                        [89, 64, 13, 2],
                        [155, 57, 13, 2]
                    ]
                }
            ]
        },
        {
            "tiles": [
                {
                    "pattern": "cloud-single",
                    "ranges": [
                        [8, 3],
                        [19, 2],
                        [56, 3],
                        [67, 2],
                        [104, 3],
                        [115, 2],
                        [152, 3],
                        [163, 2],
                        [200, 3]
                    ]
                },
                {
                    "pattern": "cloud-double",
                    "ranges": [
                        [36, 2],
                        [84, 2],
                        [132, 2],
                        [180, 2]
                    ]
                },
                {
                    "pattern": "cloud-triple",
                    "ranges": [
                        [27, 3],
                        [75, 3],
                        [123, 3],
                        [171, 3]
                    ]
                },
                {
                    "pattern": "bush-single",
                    "ranges": [
                        [23, 12],
                        [71, 12],
                        [119, 12],
                        [167, 12]
                    ]
                },
                {
                    "pattern": "bush-double",
                    "ranges": [
                        [41, 12],
                        [89, 12],
                        [137, 12]
                    ]
                },
                {
                    "pattern": "bush-triple",
                    "ranges": [
                        [11, 12],
                        [59, 12],
                        [107, 12]
                    ]
                },
                {
                    "style": "bush-3",
                    "ranges": [
                        [159, 12],
                        [207, 12]
                    ]
                },
                {
                    "pattern": "hill-small",
                    "ranges": [
                        [16, 11],
                        [64, 11],
                        [112, 11],
                        [160, 11],
                        [208, 11]
                    ]
                },
                {
                    "pattern": "hill-large",
                    "ranges": [
                        [0, 10],
                        [48, 10],
                        [96, 10],
                        [144, 10],
                        [192, 10]
                    ]
                },
                {
                    "style": "metal",
                    "behavior": "ground",
                    "ranges": [
                        [64, 8]
                    ]
                },
                {
                    "style": "bricks-top",
                    "behavior": "brick",
                    "ranges": [
                        [20, 5, 9],
                        [77, 3, 9],
                        [80, 8, 5],
                        [91, 4, 5],
                        [94, 9],
                        [100, 2, 9],
                        [118, 9],
                        [121, 3, 5],
                        [128, 4, 5],
                        [129, 2, 9],
                        [168, 4, 9]
                    ]
                },
                {
                    "style": "chance",
                    "behavior": "ground",
                    "ranges": [
                        [16, 9],
                        [22, 5],
                        [21, 9],
                        [23, 9],
                        [78, 9],
                        [94, 5],
                        [106, 9],
                        [109, 5],
                        [109, 9],
                        [112, 9],
                        [129, 2, 5],
                        [170, 9]
                    ]
                },
                {
                    "pattern": "chocolate-stairs-4h",
                    "ranges": [
                        [134, 9],
                        [148, 9]
                    ]
                },
                {
                    "pattern": "chocolate-stairs-4h-reverse",
                    "ranges": [
                        [140, 9],
                        [155, 9]
                    ]
                },
                {
                    "pattern": "chocolate-stairs-final",
                    "ranges": [
                        [181, 5]
                    ]
                },
                {
                    "pattern": "chocolate-stack-4h",
                    "ranges": [
                        [152, 1, 9]
                    ]
                },
                {
                    "pattern": "flag-pole-green",
                    "ranges": [
                        [198, 2]
                    ]
                },
                {
                    "pattern": "castle-small",
                    "ranges": [
                        [202, 8]
                    ]
                },
                {
                    "pattern": "pipe-2h",
                    "ranges": [
                        [28, 11],
                        [163, 11],
                        [179, 11]
                    ]
                },
                {
                    "pattern": "pipe-3h",
                    "ranges": [
                        [38, 10]
                    ]
                },
                {
                    "pattern": "pipe-4h",
                    "ranges": [
                        [46, 9],
                        [57, 9]
                    ]
                }

            ]
        }
    ],

    "entities": [
        {
            "name": "goomba-brown",
            "pos": [352, 192]
        },
        {
            "name": "goomba-brown",
            "pos": [640, 192]
        },
        {
            "name": "goomba-brown",
            "pos": [816, 192]
        },
        {
            "name": "goomba-brown",
            "pos": [840, 192]
        },
        {
            "name": "goomba-brown",
            "pos": [1280, 64]
        },
        {
            "name": "goomba-brown",
            "pos": [1312, 64]
        },
        {
            "name": "goomba-brown",
            "pos": [1552, 192]
        },
        {
            "name": "goomba-brown",
            "pos": [1576, 192]
        },
        {
            "name": "koopa-green",
            "pos": [1712, 185]
        },
        {
            "name": "goomba-brown",
            "pos": [1824, 192]
        },
        {
            "name": "goomba-brown",
            "pos": [1848, 192]
        },
        {
            "name": "goomba-brown",
            "pos": [1984, 192]
        },
        {
            "name": "goomba-brown",
            "pos": [2008, 192]
        },
        {
            "name": "goomba-brown",
            "pos": [2048, 192]
        },
        {
            "name": "goomba-brown",
            "pos": [2072, 192]
        },
        {
            "name": "goomba-brown",
            "pos": [2784, 192]
        },
        {
            "name": "goomba-brown",
            "pos": [2808, 192]
        }
    ],
    "triggers": []
}
