{
    "spriteSheet": "overworld",
    "musicSheet": "overworld",
    "patternSheet": "overworld-pattern",
    "checkpoints": [
        [40, 192]
    ],

    "layers": [
        {
            "tiles": [
                {
                    "style": "sky",
                    "ranges": [
                        [0, 237, 0, 15]
                    ]
                },
                {
                    "style": "ground",
                    "behavior": "ground",
                    "ranges": [
                        [0, 7, 13, 2],
                        [207, 30, 13, 2]
                    ]
                }
            ]
        },
        {
            "tiles": [
                {
                    "pattern": "cloud-double",
                    "ranges": [
                        [3, 3],
                        [18, 2],
                        [51, 3],
                        [66, 2],
                        [99, 3],
                        [114, 2],
                        [147, 3],
                        [162, 2],
                        [195, 3],
                        [210, 2]
                    ]
                },
                {
                    "pattern": "cloud-single",
                    "ranges": [
                        [9, 7],
                        [28, 11],
                        [35, 7],
                        [38, 6],
                        [46, 11],
                        [57, 7],
                        [76, 11],
                        [83, 7],
                        [86, 6],
                        [94, 11],
                        [105, 7],
                        [124, 11],
                        [131, 7],
                        [134, 6],
                        [142, 11],
                        [153, 7],
                        [172, 11],
                        [179, 7],
                        [182, 6],
                        [190, 11],
                        [201, 7],
                        [220, 11],
                        [227, 7]
                    ]
                },
                {
                    "pattern": "chocolate-stairs-3h",
                    "ranges": [
                        [10, 10]
                    ]
                },
                {
                    "pattern": "chocolate-stairs-3h-reverse",
                    "ranges": [
                        [194, 10]
                    ]
                },
                {
                    "pattern": "chocolate-stack-3h",
                    "ranges": [
                        [13, 2, 10],
                        [146, 1, 12],
                        [155, 1, 12],
                        [193, 1, 10]
                    ]
                },
                {
                    "pattern": "chocolate-stack-5h",
                    "ranges": [
                        [31, 1, 10],
                        [47, 1, 10],
                        [63, 1, 10],
                        [68, 1, 10],
                        [79, 1, 10],
                        [84, 1, 10],
                        [95, 1, 10],
                        [127, 1, 10],
                        [143, 1, 10],
                        [159, 1, 10],
                        [168, 1, 10],
                        [183, 1, 10]
                    ]
                },
                {
                    "pattern": "chocolate-stack-6h",
                    "ranges": [
                        [99, 1, 9],
                        [105, 1, 9]
                    ]
                },
                {
                    "pattern": "bridge-green",
                    "ranges": [
                        [15, 16, 9],
                        [32, 15, 9],
                        [48, 15, 9],
                        [69, 10, 9],
                        [85, 10, 9],
                        [100, 5, 8],
                        [122, 3, 9],
                        [128, 15, 9],
                        [147, 8, 11],
                        [160, 8, 9],
                        [171, 2, 9],
                        [175, 2, 9],
                        [179, 2, 9],
                        [184, 9, 9]

                    ]
                },
                {
                    "style": "coin",
                    "behavior": "coin",
                    "ranges": [
                        [36, 4, 5],
                        [55, 5],
                        [56, 6],
                        [57, 5],
                        [58, 6],
                        [59, 5],
                        [72, 5],
                        [73, 2, 4],
                        [75, 5],
                        [97, 3, 5],
                        [108, 3, 5],
                        [133, 6, 5],
                        [149, 4, 8],
                        [173, 6, 6]
                    ]
                },
                {
                    "style": "chance",
                    "behavior": "ground",
                    "ranges": [
                        [102, 5]
                    ]
                },
                {
                    "style": "dirt",
                    "ranges": [
                        [9, 6, 13, 2],
                        [113, 6, 13, 2],
                        [193, 11, 13, 2]
                    ]
                },
                {
                    "pattern": "grass-top-8w",
                    "ranges": [
                        [8, 13],
                        [112, 13]
                    ]
                },
                {
                    "pattern": "grass-top-13w",
                    "ranges": [
                        [192, 13]
                    ]
                },
                {
                    "pattern": "castle-small",
                    "ranges": [
                        [0, 8]
                    ]
                },
                {
                    "pattern": "chocolate-stairs-final",
                    "ranges": [
                        [208, 5]
                    ]
                },
                {
                    "pattern": "castle-large",
                    "ranges": [
                        [228, 2]
                    ]
                },
                {
                    "pattern": "flag-pole-green",
                    "ranges": [
                        [225, 2]
                    ]
                }
            ]
        }
    ],

    "entities": [],
    "triggers": []
}
