{
    "spriteSheet": "castle",
    "musicSheet": "castle",
    "patternSheet": "castle-pattern",
    "checkpoints": [
        [40, 96]
    ],

    "layers": [
        {
            "tiles": [
                {
                    "style": "sky",
                    "ranges": [
                        [0, 160, 0, 15]
                    ]
                }
            ]
        },
        {
            "tiles": [
                {
                    "style": "ground",
                    "behavior": "ground",
                    "ranges": [
                        [0, 16, 2, 3],
                        [0, 16, 10, 5],
                        [18, 2, 9],
                        [22, 3, 7],
                        [27, 2, 9],
                        [32, 2, 10, 5],
                        [34, 49, 2, 4],
                        [34, 46, 13, 2],
                        [37, 36, 9],
                        [80, 4, 10, 5],
                        [92, 7, 10, 5],
                        [93, 6, 2, 3],
                        [99, 10, 13, 2],
                        [108, 1, 10, 3],
                        [111, 2, 10, 5],
                        [115, 5, 10, 5],
                        [115, 13, 2, 3],
                        [120, 8, 13, 2],
                        [122, 2, 10, 3],
                        [126, 2, 10, 3],
                        [128, 32, 2],
                        [141, 3, 9, 6],
                        [142, 2, 3, 3],
                        [144, 16, 13, 2]
                    ]
                },
                {
                    "style": "bricks",
                    "behavior": "ground",
                    "ranges": [
                        [128, 6, 5]
                    ]
                },
                {
                    "style": "metal-alt",
                    "behavior": "ground",
                    "ranges": [
                        [23, 7],
                        [43, 13],
                        [49, 9],
                        [55, 5],
                        [55, 13],
                        [61, 9],
                        [67, 13],
                        [73, 9],
                        [82, 6],
                        [92, 10],
                        [103, 11]
                    ]
                },
                {
                    "pattern": "entrance-stairs",
                    "ranges": [
                        [0, 6]
                    ]
                },
                {
                    "style": "waves",
                    "ranges": [
                        [16, 16, 13],
                        [109, 2, 13],
                        [113, 2, 13],
                        [128, 13, 13]
                    ]
                },
                {
                    "style": "tile-red",
                    "ranges": [
                        [16, 16, 14],
                        [109, 2, 14],
                        [113, 2, 14],
                        [128, 13, 14]
                    ]
                },
                {
                    "style": "chance",
                    "behavior": "ground",
                    "ranges": [
                        [23, 3]
                    ]
                },
                {
                    "style": "coin",
                    "behavior": "coin",
                    "ranges": [
                        [102, 3, 8, 1],
                        [102, 3, 12, 1]
                    ]
                },
                {
                    "style": "beam-track",
                    "ranges": [
                        [86, 1, 2, 13],
                        [89, 1, 2, 13]
                    ]
                },
                {
                    "pattern": "bridge",
                    "behavior": "ground",
                    "ranges": [
                        [128, 9]
                    ]
                },
                {
                    "pattern": "toad",
                    "ranges": [
                        [153, 11]
                    ]
                }
            ]
        }
    ],

    "entities": [],
    "triggers": []
}
