{
    "spriteSheet": "overworld",
    "musicSheet": "overworld",
    "patternSheet": "overworld-pattern",
    "checkpoints": [
        [40, 192]
    ],

    "layers": [
        {
            "tiles": [
                {
                    "style": "tile-black",
                    "ranges": [
                        [0, 214, 0, 15]
                    ]
                },
                {
                    "style": "ground",
                    "behavior": "ground",
                    "ranges": [
                        [0, 45, 13, 2],
                        [48, 29, 13, 2],
                        [85, 1, 13, 2],
                        [88, 40, 13, 2],
                        [132, 10, 13, 2],
                        [144, 33, 13, 2],
                        [180, 34, 13, 2]
                    ]
                }
            ]
        },
        {
            "tiles": [
                {
                    "pattern": "castle-large",
                    "ranges": [
                        [-2, 2]
                    ]
                },
                {
                    "style": "tree-white-small",
                    "ranges": [
                        [136, 11]
                    ]
                },
                {
                    "pattern": "tree-white-small",
                    "ranges": [
                        [11, 11],
                        [23, 11],
                        [24, 11],
                        [40, 11],
                        [59, 11],
                        [71, 11],
                        [72, 11],
                        [107, 11],
                        [119, 11],
                        [120, 11],
                        [155, 11],
                        [167, 11],
                        [168, 11],
                        [203, 11]
                    ]
                },
                {
                    "pattern": "tree-white-large",
                    "ranges": [
                        [13, 10],
                        [21, 10],
                        [43, 10],
                        [61, 10],
                        [69, 10],
                        [91, 10],
                        [109, 10],
                        [117, 10],
                        [157, 10],
                        [165, 10],
                        [213, 10]
                    ]
                },
                {
                    "style": "fence",
                    "ranges": [
                        [14, 4, 12],
                        [41, 12],
                        [62, 4, 12],
                        [110, 4, 12],
                        [134, 2, 12],
                        [158, 4, 12],
                        [182, 12],
                        [209, 12]
                    ]
                },
                {
                    "pattern": "cloud-single",
                    "ranges": [
                        [18, 3],
                        [27, 2],
                        [45, 2],
                        [66, 3],
                        [75, 2],
                        [93, 2],
                        [114, 3],
                        [123, 2],
                        [141, 2],
                        [162, 3],
                        [171, 2],
                        [189, 2],
                        [210, 3]
                    ]
                },
                {
                    "pattern": "cloud-double",
                    "ranges": [
                        [30, 3],
                        [48, 3],
                        [78, 3],
                        [96, 3],
                        [126, 3],
                        [144, 3],
                        [174, 3],
                        [192, 3]
                    ]
                },
                {
                    "style": "bricks-top",
                    "behavior": "ground",
                    "ranges":[
                        [26, 3, 9],
                        [61, 9],
                        [90, 3, 5],
                        [111, 10, 5],
                        [111, 11, 9],
                        [129, 3, 5],
                        [129, 3, 8],
                        [150, 3, 5],
                        [150, 3, 9],
                        [155, 3, 5],
                        [155, 3, 9],
                        [166, 5, 9]
                    ]
                },
                {
                    "style": "chance",
                    "behavior": "ground",
                    "ranges": [
                        [16, 9],
                        [19, 8],
                        [22, 8],
                        [113, 5],
                        [117, 5],
                        [151, 5],
                        [151, 9],
                        [156, 5],
                        [156, 9]
                    ]
                },
                {
                    "style": "metal",
                    "ranges":[
                        [90, 5],
                        [131, 5],
                        [167, 9]
                    ]
                },
                {
                    "pattern": "pipe-chrome-2h",
                    "ranges":[
                        [67, 11]
                    ]
                },
                {
                    "pattern": "pipe-chrome-3h",
                    "ranges":[
                        [32, 10],
                        [57, 10]
                    ]
                },
                {
                    "pattern": "pipe-chrome-4h",
                    "ranges":[
                        [38, 9],
                        [103, 9]
                    ]
                },
                {
                    "pattern": "chocolate-stairs-2h",
                    "ranges": [
                        [140, 7]
                    ]
                },
                {
                    "pattern": "chocolate-stairs-4h",
                    "ranges": [
                        [73, 9],
                        [136, 9]
                    ]
                },
                {
                    "style": "waves",
                    "ranges": [
                        [77, 8, 12],
                        [86, 2, 12]
                    ]
                },
                {
                    "style": "tile-light-blue",
                    "ranges": [
                        [77, 8, 13, 2],
                        [86, 2, 13, 2]
                    ]
                },
                {
                    "pattern": "bridge-white",
                    "ranges": [
                        [77, 8, 8]
                    ]
                },
                {
                    "pattern": "chocolate-stack-2h",
                    "ranges": [
                        [89, 11]
                    ]
                },
                {
                    "pattern": "chocolate-stack-3h",
                    "ranges": [
                        [174, 10]
                    ]
                },
                {
                    "pattern": "chocolate-stack-4h",
                    "ranges": [
                        [85, 9],
                        [88, 9],
                        [140, 2, 9]
                    ]
                },
                {
                    "pattern": "chocolate-stack-6h",
                    "ranges": [
                        [175, 7]
                    ]
                },
                {
                    "pattern": "chocolate-stairs-final",
                    "ranges": [
                        [183, 5]
                    ]
                },
                {
                    "pattern": "flag-pole-dark-grey",
                    "ranges": [
                        [200, 2]
                    ]
                },
                {
                    "pattern": "castle-small",
                    "ranges": [
                        [204, 8]
                    ]
                }
            ]
        }
    ],

    "entities": [],
    "triggers": []
}
