{
    "spriteSheet": "overworld",
    "musicSheet": "overworld",
    "patternSheet": "overworld-pattern",
    "checkpoints": [
        [40, 192]
    ],

    "layers": [
        {
            "tiles": [
                {
                    "style": "sky",
                    "ranges": [
                        [0, 166, 0, 15]
                    ]
                },
                {
                    "style": "ground",
                    "behavior": "ground",
                    "ranges": [
                        [0, 16, 13, 2],
                        [129, 37, 13, 2]
                    ]
                }
            ]
        },
        {
            "tiles": [
                {
                    "style": "coin",
                    "behavior": "coin",
                    "ranges": [
                        [27, 3, 4, 1],
                        [33, 11],
                        [50, 2, 6, 1],
                        [60, 4, 4, 1],
                        [85, 2, 5, 1],
                        [93, 2, 4, 1],
                        [97, 2, 4, 1],
                        [113, 3, 12, 1],
                        [120, 2, 5, 1]
                    ]
                },
                {
                    "style": "chance",
                    "behavior": "ground",
                    "ranges": [
                        [59, 10]
                    ]
                },
                {
                    "pattern": "cloud-double",
                    "ranges": [
                        [3, 3],
                        [19, 2],
                        [51, 3],
                        [99, 3],
                        [114, 2],
                        [147, 3],
                        [162, 2]
                    ]
                },
                {
                    "pattern": "cloud-single",
                    "ranges": [
                        [9, 7],
                        [35, 7],
                        [38, 6],
                        [46, 11],
                        [57, 7],
                        [76, 11],
                        [83, 7],
                        [86, 6],
                        [94, 11],
                        [124, 11],
                        [131, 7],
                        [134, 6],
                        [142, 11],
                        [153, 7]
                    ]
                },
                {
                    "style": "chocolate",
                    "behavior": "ground",
                    "ranges": [
                        [138, 2, 9, 4],
                        [140, 2, 7, 6],
                        [142, 2, 5, 8]
                    ]
                },
                {
                    "pattern": "castle-small",
                    "ranges": [
                        [0, 8]
                    ]
                },
                {
                    "pattern": "castle-large",
                    "ranges": [
                        [155, 2]
                    ]
                },
                {
                    "pattern": "castle-wall-6h",
                    "ranges": [
                        [164, 2, 7, 1]
                    ]
                },
                {
                    "pattern": "flag-pole-green",
                    "ranges": [
                        [152, 2]
                    ]
                },
                {
                    "style": "dirt",
                    "ranges": [
                        [19, 2, 13, 2],
                        [25, 6, 10, 5],
                        [27, 3, 6, 3],
                        [33, 1, 13, 2],
                        [36, 3, 9, 6],
                        [41, 5, 5, 10],
                        [51, 2, 14],
                        [60, 3, 14],
                        [61, 2, 6, 7],
                        [66, 3, 14],
                        [71, 1, 10, 5],
                        [77, 4, 7, 8],
                        [99, 2, 12, 3],
                        [105, 6, 8, 7],
                        [114, 1, 14],
                        [117, 2, 10, 5],
                        [123, 2, 10, 5]
                    ]
                },
                {
                    "pattern": "grass-top-3w",
                    "ranges": [
                        [32, 12],
                        [70, 9],
                        [113, 13]
                    ]
                },
                {
                    "pattern": "grass-top-4w",
                    "ranges": [
                        [18, 12],
                        [50, 13],
                        [60, 5],
                        [98, 11],
                        [116, 9],
                        [122, 9]
                    ]
                },
                {
                    "pattern": "grass-top-5w",
                    "ranges": [
                        [26, 5],
                        [35, 8],
                        [59, 13],
                        [65, 13]
                    ]
                },
                {
                    "pattern": "grass-top-6w",
                    "ranges": [
                        [76, 6]
                    ]
                },
                {
                    "pattern": "grass-top-7w",
                    "ranges": [
                        [40, 4]
                    ]
                },
                {
                    "pattern": "grass-top-8w",
                    "ranges": [
                        [24, 9],
                        [104, 7]
                    ]
                }
                
            ]
        }
    ],

    "entities": [],
    "triggers": []
}
