{
    "spriteSheet": "underworld",
    "musicSheet": "underworld",
    "patternSheet": "underworld-pattern",
    "checkpoints": [
        [24, 48]
    ],

    "layers": [
        {
            "tiles": [
                {
                    "style": "sky",
                    "ranges": [
                        [0, 16, 0, 13]
                    ]
                },
                {
                    "style": "ground",
                    "behavior": "ground",
                    "ranges": [
                        [0, 16, 13, 2]
                    ]
                }
            ]
        },
        {
            "tiles": [
                {
                    "style": "bricks",
                    "behavior": "ground",
                    "ranges": [
                        [0, 1, 2, 11],
                        [4, 7, 2],
                        [10, 1, 3, 5],
                        [4, 6, 7],
                        [4, 6],
                        [11, 2, 6]
                    ]
                },
                {
                    "style": "metal",
                    "behavior": "ground",
                    "ranges": [
                        [14, 7]
                    ]
                },
                {
                    "style": "coin",
                    "behavior": "coin",
                    "ranges": [
                        [5, 5, 5],
                        [5, 5, 6]
                    ]
                },
                {
                    "pattern": "exit-pipe-12h",
                    "ranges": [
                        [13, 2]
                    ]
                }
            ]
        }
    ],

    "entities": [],
    "triggers": []
}
