{
    "spriteSheet": "underworld",
    "musicSheet": "underworld",
    "patternSheet": "underworld-pattern",
    "checkpoints": [
        [24, 48]
    ],

    "layers": [
        {
            "tiles": [
                {
                    "style": "sky",
                    "ranges": [
                        [0, 16, 0, 13]
                    ]
                },
                {
                    "style": "ground",
                    "behavior": "ground",
                    "ranges": [
                        [0, 16, 13, 2]
                    ]
                }
            ]
        },
        {
            "tiles": [
                {
                    "style": "bricks",
                    "behavior": "ground",
                    "ranges": [
                        [0, 1, 2, 11],
                        [3, 12, 2],
                        [3, 8, 9],
                        [3, 1, 10, 2],
                        [10, 1, 10, 2]
                    ]
                },
                {
                    "style": "metal",
                    "behavior": "ground",
                    "ranges": [
                        [13, 9]
                    ]
                },
                {
                    "style": "coin",
                    "behavior": "coin",
                    "ranges": [
                        [3, 8, 8],
                        [3, 10, 12]
                    ]
                },
                {
                    "pattern": "exit-pipe-12h",
                    "ranges": [
                        [13, 2]
                    ]
                }
            ]
        }
    ],

    "entities": [],
    "triggers": []
}
