{
    "spriteSheet": "overworld",
    "musicSheet": "silent",
    "patternSheet": "overworld-pattern",
    "checkpoints": [
        [40, 192]
    ],

    "layers": [
        {
            "tiles": [
                {
                    "style": "sky",
                    "ranges": [
                        [
                            0, 212,
                            0, 13
                        ]
                    ]
                },
                {
                    "style": "ground",
                    "behavior": "ground",
                    "ranges": [
                        [
                            0, 212,
                            13, 2
                        ]
                    ]
                }
            ]
        },
        {
            "tiles": [
                {
                    "style": "coin",
                    "behavior": "coin",
                    "ranges": [
                        [6, 100, 8, 5]
                    ]
                }
            ]
        }
    ],

    "entities": []
}
