{
    "spriteSheet": "overworld",
    "musicSheet": "overworld",
    "patternSheet": "overworld-pattern",
    "checkpoints": [
        [40, 192]
    ],

    "layers": [
        {
            "tiles": [
                {
                    "style": "sky",
                    "ranges": [
                        [
                            0, 212,
                            0, 13
                        ]
                    ]
                },
                {
                    "style": "ground",
                    "behavior": "ground",
                    "ranges": [
                        [
                            0, 212,
                            13, 2
                        ]
                    ]
                },
                {
                    "style": "sky",
                    "ranges": [
                        [
                            75, 2,
                            13, 2
                        ],
                        [
                            92, 2,
                            13, 2
                        ],
                        [
                            157, 2,
                            13, 2
                        ]
                    ]
                },
                {
                    "style": "ground",
                    "behavior": "ground",
                    "ranges": [
                        [
                            5, 3,
                            9, 1
                        ],
                        [
                            29, 5
                        ],
                        [
                            5, 7,
                            9
                        ],
                        [
                            12, 6,
                            11, 1
                        ],
                        [
                            2, 1,
                            11, 1
                        ],
                        [
                            10, 2,
                            10, 1
                        ],
                        [
                            10, 2,
                            10
                        ],
                        [
                            9, 1,
                            0, 7
                        ]
                    ]
                }
            ]
        },
        {
            "tiles": [
                {
                    "style": "bricks",
                    "behavior": "brick",
                    "ranges": [
                        [
                            27, 5,
                            9
                        ],
                        [
                            83, 3,
                            9
                        ],
                        [
                            86, 6,
                            5
                        ],
                        [
                            96, 3,
                            5
                        ],
                        [
                            99, 9
                        ],
                        [
                            105, 2,
                            9
                        ],
                        [
                            123, 5
                        ],
                        [
                            126, 3,
                            5
                        ],
                        [
                            132, 4,
                            5
                        ],
                        [
                            133, 2,
                            9
                        ],
                        [
                            171, 4,
                            9
                        ]
                    ]
                },
                {
                    "style": "chance",
                    "behavior": "ground",
                    "ranges": [
                        [2, 2],

                        [23, 9],
                        [28, 9],
                        [30, 9],
                        [29, 5],
                        [84, 9],
                        [99, 5],

                        [114, 5],
                        [111, 9],
                        [114, 9],
                        [117, 9],

                        [133, 2, 5],

                        [173, 9]

                    ]
                },
                {
                    "style": "chocolate",
                    "behavior": "ground",
                    "ranges": [
                        [141, 1, 9],
                        [140, 2, 10],
                        [139, 3, 11],
                        [138, 4, 12],

                        [144, 1, 9],
                        [144, 2, 10],
                        [144, 3, 11],
                        [144, 4, 12],

                        [155, 2, 9],
                        [154, 3, 10],
                        [153, 4, 11],
                        [152, 5, 12],

                        [159, 1, 9],
                        [159, 2, 10],
                        [159, 3, 11],
                        [159, 4, 12],

                        [191, 2, 5],
                        [190, 3, 6],
                        [189, 4, 7],
                        [188, 5, 8],
                        [187, 6, 9],
                        [186, 7, 10],
                        [185, 8, 11],
                        [184, 9, 12]
                    ]
                },
                {
                    "pattern": "pipe-2h",
                    "ranges": [
                        [35, 11],
                        [167, 11],
                        [182, 11]
                    ]
                },
                {
                    "pattern": "pipe-3h",
                    "ranges": [
                        [45, 10]
                    ]
                },
                {
                    "pattern": "pipe-4h",
                    "ranges": [
                        [53, 9],
                        [64, 9]
                    ]
                },
                {
                    "pattern": "cloud-single",
                    "ranges": [
                        [2, 2],
                        [25, 2],
                        [35, 3],
                        [44, 2],
                        [64, 3],
                        [74, 2],
                        [80, 3],
                        [90, 2],
                        [108, 3],
                        [118, 2],
                        [128, 3],
                        [138, 2]
                    ]
                }
            ]
        },
        {
            "tiles": [
                {
                    "pattern": "cannon-2h",
                    "ranges": [
                        [
                            6, 7
                        ]
                    ]
                }
            ]
        },
        {
            "tiles": [
                {
                    "pattern": "bush-single",
                    "ranges": [
                        [
                            8, 12
                        ]
                    ]
                }
            ]
        },
        {
            "tiles": [
                {
                    "pattern": "bush-double",
                    "ranges": [
                        [
                            20, 12
                        ]
                    ]
                }
            ]
        }
    ],

    "entities": [
        {
            "name": "koopa-green",
            "pos": [260, 0]
        },
        {
            "name": "goomba-brown",
            "pos": [220, 0]
        },
        {
            "name": "cannon",
            "pos": [96, 112]
        }
    ],

    "triggers": [
        {
            "type": "goto",
            "name": "1-2",
            "pos": [64, 64]
        }
    ]
}
