{
    "spriteSheet": "overworld",
    "musicSheet": "silent",
    "patternSheet": "overworld-pattern",
    "checkpoints": [
        [40, 192]
    ],

    "layers": [
        {
            "tiles": [
                {
                    "style": "sky",
                    "ranges": [
                        [
                            0, 212,
                            0, 13
                        ]
                    ]
                },
                {
                    "style": "ground",
                    "behavior": "ground",
                    "ranges": [
                        [
                            0, 212,
                            13, 2
                        ]
                    ]
                }
            ]
        }
    ],

    "entities": [],

    "triggers": [
        {
            "type": "goto",
            "name": "1-1",
            "pos": [64, 64]
        }
    ]
}
