{
    "cloud-single": {
        "tiles": [
            {
                "style": "cloud-1-1",
                "ranges": [
                    [0, 0]
                ]
            },
            {
                "style": "cloud-1-2",
                "ranges": [
                    [1, 0]
                ]
            },
            {
                "style": "cloud-1-3",
                "ranges": [
                    [2, 0]
                ]
            },
            {
                "style": "cloud-2-1",
                "ranges": [
                    [0, 1]
                ]
            },
            {
                "style": "cloud-2-2",
                "ranges": [
                    [1, 1]
                ]
            },
            {
                "style": "cloud-2-3",
                "ranges": [
                    [2, 1]
                ]
            }
        ]
    },

    "cloud-double": {
        "tiles": [
            {
                "style": "cloud-1-1",
                "ranges": [
                    [0, 0]
                ]
            },
            {
                "style": "cloud-1-2",
                "ranges": [
                    [1, 2, 0]
                ]
            },
            {
                "style": "cloud-1-3",
                "ranges": [
                    [3, 0]
                ]
            },

            {
                "style": "cloud-2-1",
                "ranges": [
                    [0, 1]
                ]
            },
            {
                "style": "cloud-2-2",
                "ranges": [
                    [1, 2, 1]
                ]
            },
            {
                "style": "cloud-2-3",
                "ranges": [
                    [3, 1]
                ]
            }
        ]
    },

    "cloud-triple": {
        "tiles": [
            {
                "style": "cloud-1-1",
                "ranges": [
                    [0, 0]
                ]
            },
            {
                "style": "cloud-1-2",
                "ranges": [
                    [1, 3, 0]
                ]
            },
            {
                "style": "cloud-1-3",
                "ranges": [
                    [4, 0]
                ]
            },

            {
                "style": "cloud-2-1",
                "ranges": [
                    [0, 1]
                ]
            },
            {
                "style": "cloud-2-2",
                "ranges": [
                    [1, 3, 1]
                ]
            },
            {
                "style": "cloud-2-3",
                "ranges": [
                    [4, 1]
                ]
            }
        ]
    },

    "pipe-chrome-section-vert": {
        "tiles": [
            {
                "style": "pipe-chrome-vert-left",
                "behavior": "ground",
                "ranges": [
                    [0, 0]
                ]
            },
            {
                "style": "pipe-chrome-vert-right",
                "behavior": "ground",
                "ranges": [
                    [1, 0]
                ]
            }
        ]
    },

    "pipe-chrome-cap-vert": {
        "tiles": [
            {
                "style": "pipe-chrome-insert-vert-left",
                "behavior": "ground",
                "ranges": [
                    [0, 0]
                ]
            },
            {
                "style": "pipe-chrome-insert-vert-right",
                "behavior": "ground",
                "ranges": [
                    [1, 0]
                ]
            }
        ]
    },

    "pipe-chrome-2h": {
        "tiles": [
            {
                "pattern": "pipe-chrome-cap-vert",
                "ranges": [
                    [0, 0]
                ]
            },
            {
                "pattern": "pipe-chrome-section-vert",
                "ranges": [
                    [
                        0, 1,
                        1, 1
                    ]
                ]
            }
        ]
    },

    "pipe-chrome-3h": {
        "tiles": [
            {
                "pattern": "pipe-chrome-cap-vert",
                "ranges": [
                    [0, 0]
                ]
            },
            {
                "pattern": "pipe-chrome-section-vert",
                "ranges": [
                    [
                        0, 1,
                        1, 2
                    ]
                ]
            }
        ]
    },

    "pipe-chrome-4h": {
        "tiles": [
            {
                "pattern": "pipe-chrome-cap-vert",
                "ranges": [
                    [0, 0]
                ]
            },
            {
                "pattern": "pipe-chrome-section-vert",
                "ranges": [
                    [
                        0, 1,
                        1, 3
                    ]
                ]
            }
        ]
    },

    "pipe-section-vert": {
        "tiles": [
            {
                "style": "pipe-vert-left",
                "behavior": "ground",
                "ranges": [
                    [0, 0]
                ]
            },
            {
                "style": "pipe-vert-right",
                "behavior": "ground",
                "ranges": [
                    [1, 0]
                ]
            }
        ]
    },

    "pipe-cap-vert": {
        "tiles": [
            {
                "style": "pipe-insert-vert-left",
                "behavior": "ground",
                "ranges": [
                    [0, 0]
                ]
            },
            {
                "style": "pipe-insert-vert-right",
                "behavior": "ground",
                "ranges": [
                    [1, 0]
                ]
            }
        ]
    },

    "pipe-2h": {
        "tiles": [
            {
                "pattern": "pipe-cap-vert",
                "ranges": [
                    [0, 0]
                ]
            },
            {
                "pattern": "pipe-section-vert",
                "ranges": [
                    [
                        0, 1,
                        1, 1
                    ]
                ]
            }
        ]
    },

    "pipe-3h": {
        "tiles": [
            {
                "pattern": "pipe-cap-vert",
                "ranges": [
                    [0, 0]
                ]
            },
            {
                "pattern": "pipe-section-vert",
                "ranges": [
                    [
                        0, 1,
                        1, 2
                    ]
                ]
            }
        ]
    },

    "pipe-4h": {
        "tiles": [
            {
                "pattern": "pipe-cap-vert",
                "ranges": [
                    [0, 0]
                ]
            },
            {
                "pattern": "pipe-section-vert",
                "ranges": [
                    [
                        0, 1,
                        1, 3
                    ]
                ]
            }
        ]
    },

    "pipe-5h": {
        "tiles": [
            {
                "pattern": "pipe-cap-vert",
                "ranges": [
                    [0, 0]
                ]
            },
            {
                "pattern": "pipe-section-vert",
                "ranges": [
                    [
                        0, 1,
                        1, 4
                    ]
                ]
            }
        ]
    },

    "pipe-uw-entrance": {
        "tiles": [
            {
                "pattern": "pipe-4h",
                "ranges": [
                    [2, 0]
                ]
            },
            {
                "style": "pipe-insert-hor-top",
                "ranges": [
                    [0, 2]
                ]
            },
            {
                "style": "pipe-insert-hor-bottom",
                "ranges": [
                    [0, 3]
                ]
            },
            {
                "style": "pipe-hor-top",
                "ranges": [
                    [1, 2]
                ]
            },
            {
                "style": "pipe-hor-bottom",
                "ranges": [
                    [1, 3]
                ]
            },
            {
                "style": "pipe-conn-hor-top",
                "ranges": [
                    [2, 2]
                ]
            },
            {
                "style": "pipe-conn-hor-bottom",
                "ranges": [
                    [2, 3]
                ]
            }
        ]
    },

    "cannon-2h": {
        "tiles": [
            {
                "style": "cannon-1",
                "behavior": "ground",
                "ranges": [
                    [0, 0]
                ]
            },
            {
                "style": "cannon-2",
                "behavior": "ground",
                "ranges": [
                    [0, 1]
                ]
            }
        ]
    },

    "bush-single": {
        "tiles": [
            {
                "style": "bush-1",
                "ranges": [
                    [0, 0]
                ]
            },
            {
                "style": "bush-2",
                "ranges": [
                    [1, 0]
                ]
            },
            {
                "style": "bush-3",
                "ranges": [
                    [2, 0]
                ]
            }

        ]
    },

    "bush-double": {
        "tiles": [
            {
                "style": "bush-1",
                "ranges": [
                    [0, 0]
                ]
            },
            {
                "style": "bush-2",
                "ranges": [
                    [1, 0],
                    [2, 0]
                ]
            },
            {
                "style": "bush-3",
                "ranges": [
                    [3, 0]
                ]
            }
        ]
    },

    "bush-triple": {
        "tiles": [
            {
                "style": "bush-1",
                "ranges": [
                    [0, 0]
                ]
            },
            {
                "style": "bush-2",
                "ranges": [
                    [1, 0],
                    [2, 0],
                    [3, 0]
                ]
            },
            {
                "style": "bush-3",
                "ranges": [
                    [4, 0]
                ]
            }
        ]
    },

    "hill-small": {
        "tiles": [
            {
                "style": "hill-top",
                "ranges": [
                    [1, 0]
                ]
            },
            {
                "style": "hill-left",
                "ranges": [
                    [0, 1]
                ]
            },
            {
                "style": "hill-stains-right",
                "ranges": [
                    [1, 1]
                ]
            },
            {
                "style": "hill-right",
                "ranges": [
                    [2, 1]
                ]
            }
        ]
    },

    "hill-large": {
        "tiles": [
            {
                "pattern": "hill-small",
                "ranges": [
                    [1, 0]
                ]
            },
            {
                "style": "hill-left",
                "ranges": [
                    [0, 2]
                ]
            },
            {
                "style": "hill-stains-right",
                "ranges": [
                    [1, 2]
                ]
            },
            {
                "style": "tile-green",
                "ranges": [
                    [2, 2]
                ]
            },
            {
                "style": "hill-stains-left",
                "ranges": [
                    [3, 2]
                ]
            },
            {
                "style": "hill-right",
                "ranges": [
                    [4, 2]
                ]
            }
        ]
    },

    "grass-top-3w": {
        "tiles": [
            {
                "style": "grass-left",
                "behavior": "ground",
                "ranges": [
                    [0, 0]
                ]
            },
            {
                "style": "grass",
                "behavior": "ground",
                "ranges": [
                    [1, 0]
                ]
            },
            {
                "style": "grass-right",
                "behavior": "ground",
                "ranges": [
                    [2, 0]
                ]
            }
        ]
    },

    "grass-top-4w": {
        "tiles": [
            {
                "style": "grass-left",
                "behavior": "ground",
                "ranges": [
                    [0, 0]
                ]
            },
            {
                "style": "grass",
                "behavior": "ground",
                "ranges": [
                    [1, 2, 0, 1]
                ]
            },
            {
                "style": "grass-right",
                "behavior": "ground",
                "ranges": [
                    [3, 0]
                ]
            }
        ]
    },

    "grass-top-5w": {
        "tiles": [
            {
                "style": "grass-left",
                "behavior": "ground",
                "ranges": [
                    [0, 0]
                ]
            },
            {
                "style": "grass",
                "behavior": "ground",
                "ranges": [
                    [1, 3, 0, 1]
                ]
            },
            {
                "style": "grass-right",
                "behavior": "ground",
                "ranges": [
                    [4, 0]
                ]
            }
        ]
    },

    "grass-top-6w": {
        "tiles": [
            {
                "style": "grass-left",
                "behavior": "ground",
                "ranges": [
                    [0, 0]
                ]
            },
            {
                "style": "grass",
                "behavior": "ground",
                "ranges": [
                    [1, 4, 0, 1]
                ]
            },
            {
                "style": "grass-right",
                "behavior": "ground",
                "ranges": [
                    [5, 0]
                ]
            }
        ]
    },

    "grass-top-7w": {
        "tiles": [
            {
                "style": "grass-left",
                "behavior": "ground",
                "ranges": [
                    [0, 0]
                ]
            },
            {
                "style": "grass",
                "behavior": "ground",
                "ranges": [
                    [1, 5, 0, 1]
                ]
            },
            {
                "style": "grass-right",
                "behavior": "ground",
                "ranges": [
                    [6, 0]
                ]
            }
        ]
    },

    "grass-top-8w": {
        "tiles": [
            {
                "style": "grass-left",
                "behavior": "ground",
                "ranges": [
                    [0, 0]
                ]
            },
            {
                "style": "grass",
                "behavior": "ground",
                "ranges": [
                    [1, 6, 0, 1]
                ]
            },
            {
                "style": "grass-right",
                "behavior": "ground",
                "ranges": [
                    [7, 0]
                ]
            }
        ]
    },

    "grass-top-13w": {
        "tiles": [
            {
                "style": "grass-left",
                "behavior": "ground",
                "ranges": [
                    [0, 0]
                ]
            },
            {
                "style": "grass",
                "behavior": "ground",
                "ranges": [
                    [1, 11, 0, 1]
                ]
            },
            {
                "style": "grass-right",
                "behavior": "ground",
                "ranges": [
                    [12, 0]
                ]
            }
        ]
    },

    "castle-wall-3h": {
        "tiles": [
            {
                "style": "castle-top-open",
                "ranges": [
                    [0, 0]
                ]
            },
            {
                "style": "bricks",
                "ranges": [
                    [0, 1, 1, 2]
                ]
            }
        ]
    },

    "castle-wall-6h": {
        "tiles": [
            {
                "style": "castle-top-open",
                "ranges": [
                    [0, 0]
                ]
            },
            {
                "style": "bricks",
                "ranges": [
                    [0, 1, 1, 5]
                ]
            }
        ]
    },

    "castle-opening": {
        "tiles": [
            {
                "style": "castle-arch",
                "ranges": [
                    [0, 0]
                ]
            },
            {
                "style": "tile-black",
                "ranges": [
                    [0, 1]
                ]
            }
        ]
    },

    "castle-small": {
        "tiles": [
            {
                "pattern": "castle-wall-3h",
                "ranges": [
                    [0, 2],
                    [4, 2]
                ]
            },
            {
                "style": "castle-top-open",
                "ranges": [
                    [1, 3, 0, 1]
                ]
            },
            {
                "style": "castle-window-left",
                "ranges": [
                    [1, 1]
                ]
            },
            {
                "style": "castle-window-right",
                "ranges": [
                    [3, 1]
                ]
            },
            {
                "style": "bricks",
                "ranges": [
                    [2, 1],
                    [1, 3, 3, 2]

                ]
            },
            {
                "style": "castle-top-closed",
                "ranges": [
                    [1, 3, 2, 1]
                ]
            },
            {
                "pattern": "castle-opening",
                "ranges": [
                    [2, 3]
                ]
            }
        ]
    },

    "castle-large": {
        "tiles": [
            {
                "pattern": "castle-small",
                "ranges": [
                    [2, 0]
                ]
            },
            {
                "pattern": "castle-wall-6h",
                "ranges": [
                    [0, 2, 5, 1],
                    [7, 2, 5, 1]
                ]
            },
            {
                "style": "castle-top-closed",
                "ranges": [
                    [2, 5, 5, 1]
                ]
            },
            {
                "style": "bricks",
                "ranges": [
                    [2, 5, 6, 5]
                ]
            },
            {
                "pattern": "castle-opening",
                "ranges": [
                    [3, 6],
                    [5, 6],
                    [2, 9],
                    [4, 9],
                    [6, 9]
                ]
            }
        ]
    },

    "flag-pole-green": {
        "tiles": [
            {
                "style": "pole-finial-green",
                "ranges": [
                    [0, 0]
                ]
            },
            {
                "style": "chocolate",
                "behavior": "ground",
                "ranges": [
                    [0, 10]
                ]
            },
            {
                "style": "pole-green",
                "ranges": [
                    [0, 1, 1, 9]
                ]
            }

        ]
    },

    "flag-pole-dark-grey": {
        "tiles": [
            {
                "style": "pole-finial-dark-grey",
                "ranges": [
                    [0, 0]
                ]
            },
            {
                "style": "chocolate",
                "behavior": "ground",
                "ranges": [
                    [0, 10]
                ]
            },
            {
                "style": "pole-white",
                "ranges": [
                    [0, 1, 1, 9]
                ]
            }

        ]
    },

    "chocolate-stack-2h": {
        "tiles": [
            {
                "style": "chocolate",
                "behavior": "ground",
                "ranges": [
                    [0, 1, 0, 2]
                ]
            }
        ]
    },

    "chocolate-stack-3h": {
        "tiles": [
            {
                "pattern": "chocolate-stack-2h",
                "ranges": [
                    [0, 0]
                ]
            },
            {
                "style": "chocolate",
                "behavior": "ground",
                "ranges": [
                    [0, 2]
                ]
            }
        ]
    },

    "chocolate-stack-4h": {
        "tiles": [
            {
                "pattern": "chocolate-stack-2h",
                "ranges": [
                    [0, 0],
                    [0, 2]
                ]
            }
        ]
    },

    "chocolate-stack-5h": {
        "tiles": [
            {
                "pattern": "chocolate-stack-4h",
                "ranges": [
                    [0, 0]
                ]
            },
            {
                "style": "chocolate",
                "behavior": "ground",
                "ranges": [
                    [0, 4]
                ]
            }
        ]
    },

    "chocolate-stack-6h": {
        "tiles": [
            {
                "pattern": "chocolate-stack-3h",
                "ranges": [
                    [0, 0],
                    [0, 3]
                ]
            }
        ]
    },

    "chocolate-stairs-2h": {
        "tiles": [
            {
                "style": "chocolate",
                "behavior": "ground",
                "ranges": [
                    [1, 1, 0, 2],
                    [0, 1]
                ]
            }
        ]
    },

    "chocolate-stairs-2h-reverse": {
        "tiles": [
            {
                "style": "chocolate",
                "behavior": "ground",
                "ranges": [
                    [0, 0],
                    [0, 2, 1, 1]
                ]
            }
        ]
    },

    "chocolate-stairs-3h": {
        "tiles": [
            {
                "pattern": "chocolate-stairs-2h",
                "ranges": [
                    [0, 1]
                ]
            },
            {
                "style": "chocolate",
                "behavior": "ground",
                "ranges": [
                    [2, 1, 0, 3]
                ]
            }
        ]
    },

    "chocolate-stairs-3h-reverse": {
        "tiles": [
            {
                "pattern": "chocolate-stairs-2h-reverse",
                "ranges": [
                    [0, 0]
                ]
            },
            {
                "style": "chocolate",
                "behavior": "ground",
                "ranges": [
                    [0, 3, 2, 1]
                ]
            }
        ]
    },

    "chocolate-stairs-4h": {
        "tiles": [
            {
                "pattern": "chocolate-stairs-3h",
                "ranges": [
                    [0, 1]
                ]
            },
            {
                "style": "chocolate",
                "behavior": "ground",
                "ranges": [
                    [3, 1, 0, 4]
                ]
            }
        ]
    },

    "chocolate-stairs-4h-reverse": {
        "tiles": [
            {
                "pattern": "chocolate-stairs-3h-reverse",
                "ranges": [
                    [0, 0]
                ]
            },
            {
                "style": "chocolate",
                "behavior": "ground",
                "ranges": [
                    [0, 4, 3, 1]
                ]
            }
        ]
    },

    "chocolate-stairs-final": {
        "tiles": [
            {
                "pattern": "chocolate-stairs-4h",
                "ranges": [
                    [0, 4],
                    [4, 0]
                ]
            },
            {
                "style": "chocolate",
                "behavior": "ground",
                "ranges": [
                    [4, 4, 4, 4],
                    [8, 1, 0, 8]
                ]
            }
            
        ]
    },

    "tree-small": {
        "tiles": [
            {
                "style": "tree-small",
                "ranges": [
                    [0, 0]
                ]
            },
            {
                "style": "tree-trunk",
                "ranges": [
                    [0, 1]
                ]
            }
        ]
    },

    "tree-large": {
        "tiles": [
            {
                "style": "tree-large-top",
                "ranges": [
                    [0, 0]
                ]
            },
            {
                "style": "tree-large-bottom",
                "ranges": [
                    [0, 1]
                ]
            },
            {
                "style": "tree-trunk",
                "ranges": [
                    [0, 2]
                ]
            }
        ]
    },

    "tree-white-small": {
        "tiles": [
            {
                "style": "tree-white-small",
                "ranges": [
                    [0, 0]
                ]
            },
            {
                "style": "tree-trunk",
                "ranges": [
                    [0, 1]
                ]
            }
        ]
    },

    "tree-white-large": {
        "tiles": [
            {
                "style": "tree-white-large-top",
                "ranges": [
                    [0, 0]
                ]
            },
            {
                "style": "tree-white-large-bottom",
                "ranges": [
                    [0, 1]
                ]
            },
            {
                "style": "tree-trunk",
                "ranges": [
                    [0, 2]
                ]
            }
        ]
    },

    "bridge-green": {
        "tiles": [
            {
                "style": "bridge",
                "behavior": "ground",
                "ranges": [
                    [0, 1]
                ]
            },
            {
                "style": "bridge-rail-green",
                "ranges": [
                    [0, 0]
                ]
            }
        ]
    },

    "bridge-white": {
        "tiles": [
            {
                "style": "bridge",
                "behavior": "ground",
                "ranges": [
                    [0, 1]
                ]
            },
            {
                "style": "bridge-rail-white",
                "ranges": [
                    [0, 0]
                ]
            }
        ]
    }

}
